Aluno, Idade, CPF,
Aluno, Idade, CPF,
Aluno, Idade, CPF,
Aluno, Idade, CPF,
Aluno, Idade, CPF,
Aluno, Idade, CPF,
Aluno, Idade, CPF,
Aluno, Idade, CPF,
Aluno, Idade, CPF,
Aluno, Idade, CPF,
Aluno, Idade, CPF,
Aluno, Idade, CPF,
Aluno, Idade, CPF,
Aluno, Idade, CPF,
Aluno, Idade, CPF,
Aluno, Idade, CPF,
Aluno, Idade, CPF,
Aluno, Idade, CPF,
Aluno, Idade, CPF,
Aluno, Idade, CPF,
Aluno, Idade, CPF,
Aluno, Idade, CPF,
Aluno, Idade, CPF,
Aluno, Idade, CPF,
Aluno, Idade, CPF,
Aluno, Idade, CPF,
Aluno, Idade, CPF,
Aluno, Idade, CPF,
Aluno, Idade, CPF,
Aluno, Idade, CPF,